sequence,publish_monotonic_ns,receive_monotonic_ns,latency_ms,scale
201,5618343638242,5618344319910,0.681668,0.5809217577705773
202,5618354264991,5618354616067,0.351076,0.580921757770591
203,5618363620266,5618364108755,0.488489,0.5809217577706013
204,5618373497193,5618373777095,0.279902,0.5809217577706013
205,5618383839648,5618384587444,0.747796,0.580921757770609
206,5618393688247,5618394317898,0.629651,0.580921757770609
207,5618404425860,5618405070210,0.64435,0.5809217577706147
208,5618413967445,5618414305507,0.338062,0.5809217577706147
209,5618424338355,5618424793251,0.454896,0.5809217577706192
210,5618433686126,5618433963991,0.277865,0.5809217577706192
211,5618444192583,5618444721819,0.529236,0.5809217577706192
212,5618453537282,5618453795778,0.258496,0.5809217577706225
213,5618463811008,5618464237754,0.426746,0.5809217577706249
214,5618474228126,5618474492447,0.264321,0.5809217577706249
215,5618483474403,5618483900629,0.426226,0.5809217577706267
216,5618494113186,5618494781691,0.668505,0.5809217577706267
217,5618503744400,5618504424613,0.680213,0.580921757770628
218,5618514361045,5618514653449,0.292404,0.580921757770628
219,5618523608400,5618524041122,0.432722,0.5809217577706292
220,5618534004999,5618534290955,0.285956,0.5809217577706292
221,5618544499038,5618545048465,0.549427,0.5809217577706292
222,5618553950078,5618554211735,0.261657,0.5809217577706299
223,5618564204595,5618564839340,0.634745,0.5809217577706305
224,5618573755619,5618574024779,0.26916,0.5809217577706305
225,5618584068730,5618584553959,0.485229,0.5809217577706309
226,5618593566590,5618594201390,0.6348,0.5809217577706309
227,5618604248724,5618604810784,0.56206,0.5809217577706313
228,5618614020760,5618614328809,0.308049,0.5809217577706313
229,5618624339041,5618625059528,0.720487,0.5809217577706316
230,5618633889771,5618634162674,0.272903,0.5809217577706316
231,5618644305497,5618644835937,0.53044,0.5809217577706316
232,5618653636152,5618653891870,0.255718,0.5809217577706318
233,5618663884177,5618664311077,0.4269,0.5809217577706319
234,5618674257056,5618674528337,0.271281,0.5809217577706319
235,5618683403114,5618684076958,0.673844,0.580921757770632
236,5618694234204,5618694849601,0.615397,0.580921757770632
237,5618703770240,5618704320898,0.550658,0.580921757770632
238,5618714269169,5618714575337,0.306168,0.580921757770632
239,5618723517454,5618723943211,0.425757,0.580921757770632
240,5618733875417,5618734137243,0.261826,0.580921757770632
241,5618744302091,5618744858418,0.556327,0.580921757770632
242,5618753716547,5618754032565,0.316018,0.580921757770632
243,5618764033522,5618764492181,0.458659,0.580921757770632
244,5618774420227,5618774675435,0.255208,0.580921757770632
245,5618783563895,5618783991767,0.427872,0.580921757770632
246,5618794174601,5618794838781,0.66418,0.580921757770632
247,5618803735439,5618804421715,0.686276,0.580921757770632
248,5618814360227,5618814649491,0.289264,0.580921757770632
249,5618823518779,5618823944648,0.425869,0.580921757770632
250,5618833951660,5618834235029,0.283369,0.580921757770632
251,5618844449552,5618844959231,0.509679,0.580921757770632
252,5618853793408,5618854050724,0.257316,0.580921757770632
253,5618864032110,5618864648364,0.616254,0.580921757770632
254,5618873442105,5618873709454,0.267349,0.580921757770632
255,5618883703947,5618884128984,0.425037,0.580921757770632
256,5618894251239,5618894849784,0.598545,0.580921757770632
257,5618903765677,5618904199028,0.433351,0.580921757770632
258,5618914165732,5618914454129,0.288397,0.580921757770632
259,5618923416016,5618924092525,0.676509,0.580921757770632
260,5618934050303,5618934306374,0.256071,0.580921757770632
261,5618944468597,5618944982815,0.514218,0.580921757770632
262,5618953815187,5618954076154,0.260967,0.580921757770632
263,5618964064354,5618964463683,0.399329,0.580921757770632
264,5618974339254,5618974603059,0.263805,0.580921757770632
265,5618983520280,5618983788683,0.268403,0.580921757770632
266,5618994043168,5618994322574,0.279406,0.580921757770632
267,5619004310251,5619004762099,0.451848,0.580921757770632
268,5619013627706,5619013931208,0.303502,0.580921757770632
269,5619023927223,5619024394012,0.466789,0.580921757770632
270,5619034325161,5619034582072,0.256911,0.580921757770632
271,5619043702896,5619044242759,0.539863,0.580921757770632
272,5619054241898,5619054496164,0.254266,0.580921757770632
273,5619064480366,5619064891227,0.410861,0.580921757770632
274,5619073717938,5619073982628,0.26469,0.580921757770632
275,5619083964547,5619084397727,0.43318,0.580921757770632
276,5619094558910,5619095202936,0.644026,0.580921757770632
277,5619104170482,5619104820836,0.650354,0.580921757770632
278,5619113691747,5619113998943,0.307196,0.580921757770632
279,5619124099046,5619124545663,0.446617,0.580921757770632
280,5619133620985,5619134125949,0.504964,0.580921757770632
281,5619144497383,5619145150142,0.652759,0.580921757770632
282,5619154113301,5619154370854,0.257553,0.580921757770632
283,5619164454186,5619165119171,0.664985,0.580921757770632
284,5619174190128,5619174455581,0.265453,0.580921757770632
285,5619184474656,5619184899754,0.425098,0.580921757770632
286,5619194044154,5619194652714,0.60856,0.580921757770632
287,5619203452141,5619203935700,0.483559,0.580921757770632
288,5619213961255,5619214405523,0.444268,0.580921757770632
289,5619224526021,5619225281973,0.755952,0.580921757770632
290,5619233401286,5619233775802,0.374516,0.580921757770632
291,5619243999933,5619244570130,0.570197,0.580921757770632
292,5619253404229,5619253665211,0.260982,0.580921757770632
293,5619263655724,5619264074503,0.418779,0.580921757770632
294,5619274046922,5619274316161,0.269239,0.580921757770632
295,5619284372220,5619285056351,0.684131,0.580921757770632
296,5619294109587,5619294730737,0.62115,0.580921757770632
297,5619303601226,5619304022948,0.421722,0.580921757770632
298,5619314048639,5619314317421,0.268782,0.580921757770632
299,5619324419936,5619324844401,0.424465,0.580921757770632
300,5619333760420,5619334025684,0.265264,0.580921757770632
301,5619344187887,5619344717364,0.529477,0.580921757770632
302,5619353573194,5619353830853,0.257659,0.580921757770632
303,5619363927633,5619364338456,0.410823,0.580921757770632
304,5619374313497,5619374586467,0.27297,0.580921757770632
305,5619383513548,5619383970602,0.457054,0.580921757770632
306,5619394262929,5619394847446,0.584517,0.580921757770632
307,5619403703644,5619404380029,0.676385,0.580921757770632
308,5619414384858,5619414675831,0.290973,0.580921757770632
309,5619423648317,5619424132353,0.484036,0.580921757770632
310,5619433565452,5619433849581,0.284129,0.580921757770632
311,5619444203928,5619444769914,0.565986,0.580921757770632
312,5619453652878,5619453909490,0.256612,0.580921757770632
313,5619463942755,5619464580647,0.637892,0.580921757770632
314,5619473521535,5619473787269,0.265734,0.580921757770632
315,5619483903982,5619484320586,0.416604,0.580921757770632
316,5619494457931,5619494984490,0.526559,0.580921757770632
317,5619503911768,5619504368099,0.456331,0.580921757770632
318,5619514310123,5619514594982,0.284859,0.580921757770632
319,5619523532590,5619524245614,0.713024,0.580921757770632
320,5619534245877,5619534502837,0.25696,0.580921757770632
321,5619544705894,5619545245770,0.539876,0.580921757770632
322,5619554130678,5619554387621,0.256943,0.580921757770632
323,5619564376650,5619564783665,0.407015,0.580921757770632
324,5619573608905,5619573874394,0.265489,0.580921757770632
325,5619583858036,5619584487346,0.62931,0.580921757770632
326,5619594623020,5619595170912,0.547892,0.580921757770632
327,5619604070797,5619604510678,0.439881,0.580921757770632
328,5619613345530,5619613606043,0.260513,0.580921757770632
329,5619623675203,5619624093627,0.418424,0.580921757770632
330,5619634272159,5619634533771,0.261612,0.580921757770632
331,5619643661494,5619644184382,0.522888,0.580921757770632
332,5619654196401,5619654448339,0.251938,0.580921757770632
333,5619663547741,5619663946826,0.399085,0.580921757770632
334,5619673921650,5619674194271,0.272621,0.580921757770632
335,5619684422102,5619684824719,0.402617,0.580921757770632
336,5619693870551,5619694407278,0.536727,0.580921757770632
337,5619704422145,5619705255447,0.833302,0.580921757770632
338,5619714136674,5619714400946,0.264272,0.580921757770632
339,5619724488610,5619724911673,0.423063,0.580921757770632
340,5619733812369,5619734083828,0.271459,0.580921757770632
341,5619744305360,5619744881545,0.576185,0.580921757770632
342,5619753820785,5619754080527,0.259742,0.580921757770632
343,5619764189689,5619764815495,0.625806,0.580921757770632
344,5619773710088,5619773977097,0.267009,0.580921757770632
345,5619783999555,5619784411692,0.412137,0.580921757770632
346,5619793558526,5619794077655,0.519129,0.580921757770632
347,5619804105444,5619804545903,0.440459,0.580921757770632
348,5619813345404,5619813609529,0.264125,0.580921757770632
349,5619823605034,5619824258798,0.653764,0.580921757770632
350,5619834144636,5619834408515,0.263879,0.580921757770632
351,5619844586654,5619845105931,0.519277,0.580921757770632
352,5619853937750,5619854194892,0.257142,0.580921757770632
353,5619864206283,5619864607340,0.401057,0.580921757770632
354,5619873491845,5619873754799,0.262954,0.580921757770632
355,5619883694607,5619884307416,0.612809,0.580921757770632
356,5619894418448,5619895009320,0.590872,0.580921757770632
357,5619903971511,5619904431497,0.459986,0.580921757770632
358,5619914345590,5619914615015,0.269425,0.580921757770632
359,5619923556130,5619923974412,0.418282,0.580921757770632
360,5619933903190,5619934179154,0.275964,0.580921757770632
361,5619944404246,5619944955574,0.551328,0.580921757770632
362,5619953797135,5619954058032,0.260897,0.580921757770632
363,5619964048973,5619964454863,0.40589,0.580921757770632
364,5619974341899,5619974605857,0.263958,0.580921757770632
365,5619983494544,5619983898523,0.403979,0.580921757770632
366,5619994154604,5619994475922,0.321318,0.580921757770632
367,5620003502796,5620004205078,0.702282,0.580921757770632
368,5620014148156,5620014436809,0.288653,0.580921757770632
369,5620024425449,5620024868216,0.442767,0.580921757770632
370,5620033757809,5620034028196,0.270387,0.580921757770632
371,5620044223279,5620044964375,0.741096,0.580921757770632
372,5620053932609,5620054208279,0.27567,0.580921757770632
373,5620064273652,5620064565401,0.291749,0.580921757770632
374,5620073468462,5620073771384,0.302922,0.580921757770632
375,5620084076620,5620084392301,0.315681,0.580921757770632
376,5620093577655,5620093871599,0.293944,0.580921757770632
377,5620103882935,5620104429759,0.546824,0.580921757770632
378,5620114368922,5620114785230,0.416308,0.580921757770632
379,5620123806041,5620124545981,0.73994,0.580921757770632
380,5620133416382,5620133675504,0.259122,0.580921757770632
381,5620144010921,5620144586498,0.575577,0.580921757770632
382,5620153481074,5620153739218,0.258144,0.580921757770632
383,5620163809175,5620164251466,0.442291,0.580921757770632
384,5620174279043,5620174542669,0.263626,0.580921757770632
385,5620183438643,5620184090356,0.651713,0.580921757770632
386,5620194268759,5620194791964,0.523205,0.580921757770632
387,5620203712680,5620204151471,0.438791,0.580921757770632
388,5620214149140,5620214415109,0.265969,0.580921757770632
389,5620224417330,5620224858676,0.441346,0.580921757770632
390,5620233644147,5620233914818,0.270671,0.580921757770632
391,5620244099484,5620244639158,0.539674,0.580921757770632
392,5620253529029,5620253787108,0.258079,0.580921757770632
393,5620263780539,5620264201358,0.420819,0.580921757770632
394,5620274126805,5620274390058,0.263253,0.580921757770632
395,5620284483535,5620284883538,0.400003,0.580921757770632
396,5620293903914,5620294432001,0.528087,0.580921757770632
397,5620304425322,5620305275880,0.850558,0.580921757770632
398,5620314129052,5620314394263,0.265211,0.580921757770632
399,5620324420913,5620324856800,0.435887,0.580921757770632
400,5620333640439,5620333909883,0.269444,0.580921757770632
401,5620344153206,5620344691071,0.537865,0.580921757770632
402,5620353526349,5620353784211,0.257862,0.580921757770632
403,5620363853943,5620364499320,0.645377,0.580921757770632
404,5620374428216,5620374703346,0.27513,0.580921757770632
405,5620383603420,5620384021127,0.417707,0.580921757770632
406,5620394178033,5620394769537,0.591504,0.580921757770632
407,5620403689830,5620404174295,0.484465,0.580921757770632
408,5620414337128,5620414634908,0.29778,0.580921757770632
409,5620423525105,5620424243871,0.718766,0.580921757770632
410,5620434262217,5620434515668,0.253451,0.580921757770632
411,5620443742915,5620444278874,0.535959,0.580921757770632
412,5620454325830,5620454579885,0.254055,0.580921757770632
413,5620463586204,5620463981121,0.394917,0.580921757770632
414,5620474047415,5620474310878,0.263463,0.580921757770632
415,5620484359624,5620484645319,0.285695,0.580921757770632
416,5620493715901,5620494021454,0.305553,0.580921757770632
417,5620504091459,5620504664675,0.573216,0.580921757770632
418,5620513515266,5620513798667,0.283401,0.580921757770632
419,5620523805150,5620524258406,0.453256,0.580921757770632
420,5620534145943,5620534408497,0.262554,0.580921757770632
421,5620544605671,5620545201751,0.59608,0.580921757770632
422,5620554038312,5620554293059,0.254747,0.580921757770632
423,5620564287261,5620564713622,0.426361,0.580921757770632
424,5620573638109,5620573900945,0.262836,0.580921757770632
425,5620583884751,5620584345897,0.461146,0.580921757770632
426,5620594444802,5620595042006,0.597204,0.580921757770632
427,5620603970122,5620604656790,0.686668,0.580921757770632
428,5620613448115,5620613721706,0.273591,0.580921757770632
429,5620623746341,5620624244522,0.498181,0.580921757770632
430,5620634144756,5620634414154,0.269398,0.580921757770632
431,5620644617183,5620645189117,0.571934,0.580921757770632
432,5620654018660,5620654271104,0.252444,0.580921757770632
433,5620664212300,5620664868813,0.656513,0.580921757770632
434,5620673698447,5620673969125,0.270678,0.580921757770632
435,5620683957516,5620684389689,0.432173,0.580921757770632
436,5620694555126,5620695106064,0.550938,0.580921757770632
437,5620704061665,5620704498470,0.436805,0.580921757770632
438,5620713346031,5620713615047,0.269016,0.580921757770632
439,5620723611550,5620724289029,0.677479,0.580921757770632
440,5620734429443,5620734694785,0.265342,0.580921757770632
441,5620743898253,5620744488640,0.590387,0.580921757770632
442,5620753430510,5620753686637,0.256127,0.580921757770632
443,5620763848263,5620764255353,0.40709,0.580921757770632
444,5620774404856,5620774669169,0.264313,0.580921757770632
445,5620783635523,5620784283494,0.647971,0.580921757770632
446,5620794447502,5620794984833,0.537331,0.580921757770632
447,5620803976706,5620804412981,0.436275,0.580921757770632
448,5620814406410,5620814672127,0.265717,0.580921757770632
449,5620823536543,5620824039872,0.503329,0.580921757770632
450,5620833552139,5620834021026,0.468887,0.580921757770632
451,5620844412799,5620844984586,0.571787,0.580921757770632
452,5620853889727,5620854148087,0.25836,0.580921757770632
453,5620864332657,5620864734900,0.402243,0.580921757770632
454,5620873792166,5620874058621,0.266455,0.580921757770632
455,5620884105573,5620884518094,0.412521,0.580921757770632
456,5620893571664,5620894082397,0.510733,0.580921757770632
457,5620904067703,5620904716654,0.648951,0.580921757770632
458,5620913755504,5620914021968,0.266464,0.580921757770632
459,5620924072106,5620924499450,0.427344,0.580921757770632
460,5620933343280,5620933610748,0.267468,0.580921757770632
461,5620943798541,5620944350272,0.551731,0.580921757770632
462,5620954244877,5620954502641,0.257764,0.580921757770632
463,5620964493031,5620965119414,0.626383,0.580921757770632
464,5620973946593,5620974216931,0.270338,0.580921757770632
465,5620984258357,5620984540641,0.282284,0.580921757770632
466,5620993536054,5620993795961,0.259907,0.580921757770632
467,5621003905791,5621004426582,0.520791,0.580921757770632
468,5621014349214,5621014633574,0.28436,0.580921757770632
469,5621023509417,5621024205181,0.695764,0.580921757770632
470,5621034133224,5621034403101,0.269877,0.580921757770632
471,5621044665893,5621044929827,0.263934,0.580921757770632
472,5621053741036,5621054062141,0.321105,0.580921757770632
473,5621064034131,5621064375265,0.341134,0.580921757770632
474,5621074301319,5621074570034,0.268715,0.580921757770632
475,5621083440227,5621083689587,0.24936,0.580921757770632
476,5621093866176,5621094148417,0.282241,0.580921757770632
477,5621104174241,5621104780621,0.60638,0.580921757770632
478,5621113623575,5621113907435,0.28386,0.580921757770632
479,5621123896224,5621124350946,0.454722,0.580921757770632
480,5621134242952,5621134495563,0.252611,0.580921757770632
481,5621143612861,5621144587178,0.974317,0.580921757770632
482,5621153433181,5621153788045,0.354864,0.580921757770632
483,5621163778368,5621164073136,0.294768,0.580921757770632
484,5621173993379,5621174268311,0.274932,0.580921757770632
485,5621184193491,5621184493808,0.300317,0.580921757770632
486,5621193531601,5621193806534,0.274933,0.580921757770632
487,5621203813279,5621204583591,0.770312,0.580921757770632
488,5621213478595,5621213755336,0.276741,0.580921757770632
489,5621223831668,5621224290267,0.458599,0.580921757770632
490,5621234241508,5621234502724,0.261216,0.580921757770632
491,5621244702819,5621244987553,0.284734,0.580921757770632
492,5621253821129,5621254101780,0.280651,0.580921757770632
493,5621264072770,5621264383717,0.310947,0.580921757770632
494,5621274312683,5621274626350,0.313667,0.580921757770632
495,5621283488785,5621283772145,0.28336,0.580921757770632
496,5621293993947,5621294259920,0.265973,0.580921757770632
497,5621304289158,5621304877982,0.588824,0.580921757770632
498,5621313726056,5621313995223,0.269167,0.580921757770632
499,5621324065744,5621324767577,0.701833,0.580921757770632
500,5621333744369,5621334071656,0.327287,0.580921757770632
501,5621344422666,5621344868974,0.446308,0.580921757770632
502,5621353886630,5621354182405,0.295775,0.580921757770632
503,5621364159076,5621364496508,0.337432,0.580921757770632
504,5621373397868,5621373708752,0.310884,0.580921757770632
505,5621383822057,5621384139361,0.317304,0.580921757770632
506,5621394377170,5621394676825,0.299655,0.580921757770632
507,5621403706117,5621404244515,0.538398,0.580921757770632
508,5621414222705,5621414505999,0.283294,0.580921757770632
509,5621423722497,5621424202941,0.480444,0.580921757770632
510,5621434353338,5621434607364,0.254026,0.580921757770632
511,5621443918150,5621444467575,0.549425,0.580921757770632
512,5621453342631,5621453597205,0.254574,0.580921757770632
513,5621463636893,5621464103482,0.466589,0.580921757770632
514,5621474144657,5621474409372,0.264715,0.580921757770632
515,5621484412368,5621484688781,0.276413,0.580921757770632
516,5621493854482,5621494429897,0.575415,0.580921757770632
517,5621504429068,5621505182692,0.753624,0.580921757770632
518,5621514019388,5621514290062,0.270674,0.580921757770632
519,5621524336769,5621524813468,0.476699,0.580921757770632
520,5621533638728,5621533906653,0.267925,0.580921757770632
521,5621544114502,5621544668629,0.554127,0.580921757770632
522,5621553559753,5621553816422,0.256669,0.580921757770632
523,5621563881228,5621564528514,0.647286,0.580921757770632
524,5621573599372,5621573863071,0.263699,0.580921757770632
525,5621583869306,5621584137438,0.268132,0.580921757770632
526,5621594316341,5621594872064,0.555723,0.580921757770632
527,5621603832326,5621604278241,0.445915,0.580921757770632
528,5621614209076,5621614483636,0.27456,0.580921757770632
529,5621623423141,5621624161393,0.738252,0.580921757770632
530,5621634103706,5621634375111,0.271405,0.580921757770632
531,5621644716880,5621645451845,0.734965,0.580921757770632
532,5621654245456,5621654501339,0.255883,0.580921757770632
533,5621663443333,5621663703819,0.260486,0.580921757770632
534,5621673626599,5621673915741,0.289142,0.580921757770632
535,5621683963685,5621684228675,0.26499,0.580921757770632
536,5621694353232,5621694909350,0.556118,0.580921757770632
537,5621703866639,5621704359493,0.492854,0.580921757770632
538,5621714345098,5621714610189,0.265091,0.580921757770632
539,5621723531805,5621723986555,0.45475,0.580921757770632
540,5621733982672,5621734255570,0.272898,0.580921757770632
541,5621744493472,5621744874351,0.380879,0.580921757770632
542,5621753713512,5621753999526,0.286014,0.580921757770632
543,5621763985193,5621764258729,0.273536,0.580921757770632
544,5621774341223,5621774610409,0.269186,0.580921757770632
545,5621783483616,5621783770339,0.286723,0.580921757770632
546,5621793880965,5621794149706,0.268741,0.580921757770632
547,5621804229468,5621805005291,0.775823,0.580921757770632
548,5621813895258,5621814199383,0.304125,0.580921757770632
549,5621824295441,5621824777414,0.481973,0.580921757770632
550,5621833620134,5621833895864,0.27573,0.580921757770632
551,5621844180945,5621844741263,0.560318,0.580921757770632
552,5621853595322,5621853858515,0.263193,0.580921757770632
553,5621863861138,5621864126587,0.265449,0.580921757770632
554,5621874049519,5621874427312,0.377793,0.580921757770632
555,5621884393906,5621884651115,0.257209,0.580921757770632
556,5621893746777,5621894316809,0.570032,0.580921757770632
557,5621904507044,5621905102448,0.595404,0.580921757770632
558,5621914006149,5621914279822,0.273673,0.580921757770632
559,5621924313553,5621925030706,0.717153,0.580921757770632
560,5621933907064,5621934176231,0.269167,0.580921757770632
561,5621944424852,5621944960698,0.535846,0.580921757770632
562,5621953742430,5621953997472,0.255042,0.580921757770632
563,5621963988273,5621964258944,0.270671,0.580921757770632
564,5621974146337,5621974468834,0.322497,0.580921757770632
565,5621983403312,5621983671807,0.268495,0.580921757770632
566,5621993792980,5621994370597,0.577617,0.580921757770632
567,5622004377980,5622004888473,0.510493,0.580921757770632
568,5622013733344,5622013997496,0.264152,0.580921757770632
569,5622024031377,5622024469680,0.438303,0.580921757770632
570,5622034405288,5622034681704,0.276416,0.580921757770632
571,5622043828156,5622044369803,0.541647,0.580921757770632
572,5622054300359,5622054551995,0.251636,0.580921757770632
573,5622063401558,5622063809712,0.408154,0.580921757770632
574,5622073760289,5622074026718,0.266429,0.580921757770632
575,5622084006425,5622084409891,0.403466,0.580921757770632
576,5622094529402,5622095121439,0.592037,0.580921757770632
577,5622104035673,5622104826967,0.791294,0.580921757770632
578,5622113781457,5622114156900,0.375443,0.580921757770632
579,5622124226326,5622124740506,0.51418,0.580921757770632
580,5622133678510,5622133954655,0.276145,0.580921757770632
581,5622144187668,5622144752317,0.564649,0.580921757770632
582,5622153681497,5622153950075,0.268578,0.580921757770632
583,5622163905877,5622164613600,0.707723,0.580921757770632
584,5622173438799,5622173693466,0.254667,0.580921757770632
585,5622183680597,5622184096269,0.415672,0.580921757770632
586,5622194261334,5622194590438,0.329104,0.580921757770632
587,5622203518634,5622204031493,0.512859,0.580921757770632
588,5622214022821,5622214406905,0.384084,0.580921757770632
589,5622224432519,5622225161498,0.728979,0.580921757770632
590,5622234047475,5622234311929,0.264454,0.580921757770632
591,5622244539240,5622245233799,0.694559,0.580921757770632
592,5622254118134,5622254432805,0.314671,0.580921757770632
593,5622264438838,5622264944615,0.505777,0.580921757770632
594,5622273818518,5622274079664,0.261146,0.580921757770632
595,5622284318846,5622285041415,0.722569,0.580921757770632
596,5622294102328,5622294646093,0.543765,0.580921757770632
597,5622303582136,5622304021858,0.439722,0.580921757770632
598,5622314235468,5622314542103,0.306635,0.580921757770632
599,5622323513464,5622323963183,0.449719,0.580921757770632
600,5622333935460,5622334203469,0.268009,0.580921757770632
601,5622344377328,5622344905809,0.528481,0.580921757770632
602,5622353750160,5622354032784,0.282624,0.580921757770632
603,5622363838239,5622364420443,0.582204,0.580921757770632
604,5622374347273,5622374680105,0.332832,0.580921757770632
605,5622383659965,5622384228433,0.568468,0.580921757770632
606,5622394447627,5622394801994,0.354367,0.580921757770632
607,5622403496005,5622404307457,0.811452,0.580921757770632
608,5622414398037,5622414866119,0.468082,0.580921757770632
609,5622423820112,5622424322310,0.502198,0.580921757770632
610,5622433390506,5622433645663,0.255157,0.580921757770632
611,5622443913436,5622444670851,0.757415,0.580921757770632
612,5622453564400,5622453864143,0.299743,0.580921757770632
613,5622463892024,5622464581434,0.68941,0.580921757770632
614,5622473475005,5622473787199,0.312194,0.580921757770632
615,5622483863933,5622484142122,0.278189,0.580921757770632
616,5622494273616,5622494661216,0.3876,0.580921757770632
617,5622503623181,5622504301643,0.678462,0.580921757770632
618,5622513356738,5622513868070,0.511332,0.580921757770632
619,5622524049074,5622524797132,0.748058,0.580921757770632
620,5622533701984,5622533957034,0.25505,0.580921757770632
621,5622544355864,5622544884744,0.52888,0.580921757770632
622,5622554094670,5622554348796,0.254126,0.580921757770632
623,5622564307301,5622564715000,0.407699,0.580921757770632
624,5622573629854,5622573893925,0.264071,0.580921757770632
625,5622584043204,5622584669740,0.626536,0.580921757770632
626,5622593673484,5622594203059,0.529575,0.580921757770632
627,5622604200201,5622604657525,0.457324,0.580921757770632
628,5622613552458,5622613966921,0.414463,0.580921757770632
629,5622623972863,5622624450256,0.477393,0.580921757770632
630,5622634341617,5622634593176,0.251559,0.580921757770632
631,5622643685498,5622644218423,0.532925,0.580921757770632
632,5622654146367,5622654398598,0.252231,0.580921757770632
633,5622663468690,5622663789869,0.321179,0.580921757770632
634,5622673766513,5622674106035,0.339522,0.580921757770632
635,5622684164631,5622684443402,0.278771,0.580921757770632
636,5622694586848,5622694933557,0.346709,0.580921757770632
637,5622704121452,5622704810948,0.689496,0.580921757770632
638,5622713716896,5622713976862,0.259966,0.580921757770632
639,5622723989742,5622724431902,0.44216,0.580921757770632
640,5622733366538,5622733632462,0.265924,0.580921757770632
641,5622744061331,5622744436778,0.375447,0.580921757770632
642,5622753417571,5622753709049,0.291478,0.580921757770632
643,5622763900394,5622764602856,0.702462,0.580921757770632
644,5622773514327,5622773782950,0.268623,0.580921757770632
645,5622783965665,5622784227149,0.261484,0.580921757770632
646,5622794424180,5622794994332,0.570152,0.580921757770632
647,5622803901951,5622804384087,0.482136,0.580921757770632
648,5622814334162,5622814717087,0.382925,0.580921757770632
649,5622823679727,5622824413347,0.73362,0.580921757770632
650,5622834342731,5622834608654,0.265923,0.580921757770632
651,5622843701257,5622844227738,0.526481,0.580921757770632
652,5622854218265,5622854527562,0.309297,0.580921757770632
653,5622863485458,5622863766544,0.281086,0.580921757770632
654,5622873688089,5622873967857,0.279768,0.580921757770632
655,5622883965816,5622884227632,0.261816,0.580921757770632
656,5622894374151,5622894768918,0.394767,0.580921757770632
657,5622903758029,5622904283008,0.524979,0.580921757770632
658,5622914315491,5622914576495,0.261004,0.580921757770632
659,5622923501804,5622923945681,0.443877,0.580921757770632
660,5622933900326,5622934173656,0.27333,0.580921757770632
661,5622944316201,5622944870509,0.554308,0.580921757770632
662,5622953704146,5622953958785,0.254639,0.580921757770632
663,5622963901607,5622964330962,0.429355,0.580921757770632
664,5622974242877,5622974506092,0.263215,0.580921757770632
665,5622983401792,5622983810942,0.40915,0.580921757770632
666,5622993997643,5622994536600,0.538957,0.580921757770632
667,5623003392546,5623004058464,0.665918,0.580921757770632
668,5623014012514,5623014277755,0.265241,0.580921757770632
669,5623024315876,5623024760579,0.444703,0.580921757770632
670,5623033579918,5623033848053,0.268135,0.580921757770632
671,5623044063677,5623044585680,0.522003,0.580921757770632
672,5623053420583,5623053674635,0.254052,0.580921757770632
673,5623063825447,5623064463918,0.638471,0.580921757770632
674,5623074434527,5623074701521,0.266994,0.580921757770632
675,5623083673332,5623084075312,0.40198,0.580921757770632
676,5623094226656,5623094735675,0.509019,0.580921757770632
677,5623103666682,5623104158983,0.492301,0.580921757770632
678,5623114149937,5623114416519,0.266582,0.580921757770632
679,5623124415851,5623125093903,0.678052,0.580921757770632
680,5623134032185,5623134297935,0.26575,0.580921757770632
681,5623144664550,5623145184528,0.519978,0.580921757770632
682,5623154022282,5623154278782,0.2565,0.580921757770632
683,5623164475612,5623164896144,0.420532,0.580921757770632
684,5623173931202,5623174199439,0.268237,0.580921757770632
685,5623184273002,5623184933723,0.660721,0.580921757770632
686,5623194031206,5623194598776,0.56757,0.580921757770632
687,5623203641648,5623204092610,0.450962,0.580921757770632
688,5623214151712,5623214414896,0.263184,0.580921757770632
689,5623223496101,5623223917275,0.421174,0.580921757770632
690,5623234029134,5623234294663,0.265529,0.580921757770632
691,5623244602452,5623245164549,0.562097,0.580921757770632
692,5623254186931,5623254463524,0.276593,0.580921757770632
693,5623264448178,5623264933276,0.485098,0.580921757770632
694,5623273776683,5623274044149,0.267466,0.580921757770632
695,5623284116762,5623284527209,0.410447,0.580921757770632
696,5623293776348,5623294330224,0.553876,0.580921757770632
697,5623304476569,5623305175127,0.698558,0.580921757770632
698,5623314052213,5623314316909,0.264696,0.580921757770632
699,5623324452457,5623324879622,0.427165,0.580921757770632
700,5623333811343,5623334075368,0.264025,0.580921757770632
701,5623344444301,5623344961676,0.517375,0.580921757770632
702,5623353947135,5623354206362,0.259227,0.580921757770632
703,5623364316701,5623364943666,0.626965,0.580921757770632
704,5623373755023,5623374031850,0.276827,0.580921757770632
705,5623384112101,5623384528160,0.416059,0.580921757770632
706,5623393684534,5623394236601,0.552067,0.580921757770632
707,5623404181172,5623404706821,0.525649,0.580921757770632
708,5623413670188,5623413955777,0.285589,0.580921757770632
709,5623423925321,5623424614886,0.689565,0.580921757770632
710,5623433575455,5623433842199,0.266744,0.580921757770632
711,5623444063577,5623444579589,0.516012,0.580921757770632
712,5623453461256,5623453714232,0.252976,0.580921757770632
713,5623463832514,5623464247895,0.415381,0.580921757770632
714,5623474145002,5623474411537,0.266535,0.580921757770632
715,5623483421938,5623484054413,0.632475,0.580921757770632
716,5623494217307,5623494776693,0.559386,0.580921757770632
717,5623503720100,5623504186389,0.466289,0.580921757770632
718,5623514203519,5623514483905,0.280386,0.580921757770632
719,5623523466273,5623523906253,0.43998,0.580921757770632
720,5623533892467,5623534168106,0.275639,0.580921757770632
721,5623544492369,5623545053084,0.560715,0.580921757770632
722,5623553980656,5623554245962,0.265306,0.580921757770632
723,5623564360709,5623564641365,0.280656,0.580921757770632
724,5623573493746,5623573779095,0.285349,0.580921757770632
725,5623583862894,5623584133207,0.270313,0.580921757770632
726,5623594319067,5623594652370,0.333303,0.580921757770632
727,5623603643724,5623604395868,0.752144,0.580921757770632
728,5623614402441,5623614711011,0.30857,0.580921757770632
729,5623623646777,5623624155077,0.5083,0.580921757770632
730,5623634147761,5623634421749,0.273988,0.580921757770632
731,5623644591151,5623645334492,0.743341,0.580921757770632
732,5623654145789,5623654410838,0.265049,0.580921757770632
733,5623664379981,5623664662246,0.282265,0.580921757770632
734,5623673438371,5623673721596,0.283225,0.580921757770632
735,5623683745076,5623684031485,0.286409,0.580921757770632
736,5623694189688,5623694570057,0.380369,0.580921757770632
737,5623703483717,5623703997477,0.51376,0.580921757770632
738,5623713997196,5623714255579,0.258383,0.580921757770632
739,5623724318298,5623725010836,0.692538,0.580921757770632
740,5623734015881,5623734290134,0.274253,0.580921757770632
741,5623744523868,5623745050688,0.52682,0.580921757770632
742,5623754029263,5623754284091,0.254828,0.580921757770632
743,5623764444314,5623764857248,0.412934,0.580921757770632
744,5623773989582,5623774257193,0.267611,0.580921757770632
745,5623784386950,5623785021933,0.634983,0.580921757770632
746,5623794042720,5623794558225,0.515505,0.580921757770632
747,5623803391562,5623803818820,0.427258,0.580921757770632
748,5623813746222,5623814013202,0.26698,0.580921757770632
749,5623824024843,5623824450661,0.425818,0.580921757770632
750,5623834340321,5623834607407,0.267086,0.580921757770632
751,5623843681073,5623844196131,0.515058,0.580921757770632
752,5623854125740,5623854378073,0.252333,0.580921757770632
753,5623864400668,5623864805489,0.404821,0.580921757770632
754,5623873659682,5623873956387,0.296705,0.580921757770632
755,5623883906579,5623884184845,0.278266,0.580921757770632
756,5623894300332,5623894876388,0.576056,0.580921757770632
757,5623903760868,5623904440210,0.679342,0.580921757770632
758,5623914462874,5623914917740,0.454866,0.580921757770632
759,5623923840760,5623924403007,0.562247,0.580921757770632
760,5623934301445,5623934555148,0.253703,0.580921757770632
761,5623943616746,5623944173480,0.556734,0.580921757770632
762,5623954050471,5623954309199,0.258728,0.580921757770632
763,5623964305407,5623964955297,0.64989,0.580921757770632
764,5623973791667,5623974059854,0.268187,0.580921757770632
765,5623984051164,5623984462281,0.411117,0.580921757770632
766,5623994550960,5623995075109,0.524149,0.580921757770632
767,5624003984694,5624004414260,0.429566,0.580921757770632
768,5624014344676,5624014611715,0.267039,0.580921757770632
769,5624023533887,5624024217332,0.683445,0.580921757770632
770,5624034146396,5624034415541,0.269145,0.580921757770632
771,5624044605020,5624045113321,0.508301,0.580921757770632
772,5624053993391,5624054252919,0.259528,0.580921757770632
773,5624064207009,5624064613744,0.406735,0.580921757770632
774,5624073440703,5624073707817,0.267114,0.580921757770632
775,5624083700284,5624084337392,0.637108,0.580921757770632
776,5624094431792,5624094938923,0.507131,0.580921757770632
777,5624103802360,5624104242320,0.43996,0.580921757770632
778,5624114248212,5624114514272,0.26606,0.580921757770632
779,5624123514049,5624123940204,0.426155,0.580921757770632
780,5624133890382,5624134161049,0.270667,0.580921757770632
781,5624144303908,5624144874708,0.5708,0.580921757770632
782,5624153711034,5624153973564,0.26253,0.580921757770632
783,5624164013021,5624164514669,0.501648,0.580921757770632
784,5624173343538,5624173619624,0.276086,0.580921757770632
785,5624183774708,5624184240814,0.466106,0.580921757770632
786,5624194379642,5624194955780,0.576138,0.580921757770632
787,5624203873847,5624204729594,0.855747,0.580921757770632
788,5624213585276,5624215394093,1.808817,0.580921757770632
789,5624224337128,5624224894988,0.55786,0.580921757770632
790,5624233730769,5624233987117,0.256348,0.580921757770632
791,5624244191650,5624244738778,0.547128,0.580921757770632
792,5624253627229,5624253882287,0.255058,0.580921757770632
793,5624263869150,5624264519828,0.650678,0.580921757770632
794,5624273342713,5624273610057,0.267344,0.580921757770632
795,5624283599250,5624284009794,0.410544,0.580921757770632
796,5624294117871,5624294637141,0.51927,0.580921757770632
797,5624303512490,5624304029027,0.516537,0.580921757770632
798,5624314059825,5624314504983,0.445158,0.580921757770632
799,5624323514151,5624324271678,0.757527,0.580921757770632
800,5624334421187,5624334675003,0.253816,0.580921757770632
801,5624343823605,5624344189034,0.365429,0.580921757770632
802,5624354344394,5624354624247,0.279853,0.580921757770632
803,5624363635583,5624363949673,0.31409,0.580921757770632
804,5624373838199,5624374142262,0.304063,0.580921757770632
805,5624384249687,5624384530606,0.280919,0.580921757770632
806,5624393703635,5624393961436,0.257801,0.580921757770632
807,5624404233813,5624404802547,0.568734,0.580921757770632
808,5624413803406,5624414087997,0.284591,0.580921757770632
809,5624424295707,5624424731684,0.435977,0.580921757770632
810,5624433761923,5624434024750,0.262827,0.580921757770632
811,5624444370184,5624444936920,0.566736,0.580921757770632
812,5624453821788,5624454076641,0.254853,0.580921757770632
813,5624464111769,5624464395301,0.283532,0.580921757770632
814,5624474398423,5624474697181,0.298758,0.580921757770632
815,5624483841126,5624484123777,0.282651,0.580921757770632
816,5624494446985,5624494707264,0.260279,0.580921757770632
817,5624503765353,5624504463734,0.698381,0.580921757770632
818,5624513382089,5624513662809,0.28072,0.580921757770632
819,5624523781081,5624524231049,0.449968,0.580921757770632
820,5624534395608,5624534660243,0.264635,0.580921757770632
821,5624543823137,5624544259074,0.435937,0.580921757770632
822,5624554295241,5624554548966,0.253725,0.580921757770632
823,5624563520073,5624563800418,0.280345,0.580921757770632
824,5624573840208,5624574118066,0.277858,0.580921757770632
825,5624584257911,5624584680677,0.422766,0.580921757770632
826,5624593801447,5624594315353,0.513906,0.580921757770632
827,5624604376757,5624604808101,0.431344,0.580921757770632
828,5624613646926,5624613911714,0.264788,0.580921757770632
829,5624623933967,5624624646568,0.712601,0.580921757770632
830,5624633439748,5624633706747,0.266999,0.580921757770632
831,5624643889493,5624644404271,0.514778,0.580921757770632
832,5624654334264,5624654586504,0.25224,0.580921757770632
833,5624663467870,5624663870903,0.403033,0.580921757770632
834,5624673793354,5624674138197,0.344843,0.580921757770632
835,5624684169919,5624684507472,0.337553,0.580921757770632
836,5624694628020,5624694962151,0.334131,0.580921757770632
837,5624703979276,5624704442534,0.463258,0.580921757770632
838,5624714345164,5624714624219,0.279055,0.580921757770632
839,5624723536326,5624724070261,0.533935,0.580921757770632
840,5624734030221,5624734410732,0.380511,0.580921757770632
841,5624744659446,5624745357631,0.698185,0.580921757770632
842,5624754249505,5624754587404,0.337899,0.580921757770632
843,5624763492675,5624763953620,0.460945,0.580921757770632
844,5624773846780,5624774200616,0.353836,0.580921757770632
845,5624784259411,5624784718959,0.459548,0.580921757770632
846,5624793757027,5624794328092,0.571065,0.580921757770632
847,5624804432033,5624805168555,0.736522,0.580921757770632
848,5624814074166,5624814353162,0.278996,0.580921757770632
849,5624823523767,5624823976053,0.452286,0.580921757770632
850,5624834023453,5624834368190,0.344737,0.580921757770632
851,5624844070802,5624844714927,0.644125,0.580921757770632
852,5624853745954,5624854012887,0.266933,0.580921757770632
853,5624864115834,5624864415248,0.299414,0.580921757770632
854,5624873405809,5624873727525,0.321716,0.580921757770632
855,5624883820814,5624884106798,0.285984,0.580921757770632
856,5624894450632,5624895034200,0.583568,0.580921757770632
857,5624903946839,5624904431432,0.484593,0.580921757770632
858,5624913365092,5624913631761,0.266669,0.580921757770632
859,5624923690069,5624924483356,0.793287,0.580921757770632
860,5624934430024,5624934702184,0.27216,0.580921757770632
861,5624943828531,5624944393660,0.565129,0.580921757770632
862,5624954340076,5624954598169,0.258093,0.580921757770632
863,5624963532555,5624964007417,0.474862,0.580921757770632
864,5624973940225,5624974213816,0.273591,0.580921757770632
865,5624984269263,5624984542937,0.273674,0.580921757770632
866,5624993561435,5624993851394,0.289959,0.580921757770632
867,5625003946002,5625004465301,0.519299,0.580921757770632
868,5625014424961,5625014688762,0.263801,0.580921757770632
869,5625023634504,5625024083049,0.448545,0.580921757770632
870,5625034031823,5625034319659,0.287836,0.580921757770632
871,5625044600500,5625045174694,0.574194,0.580921757770632
872,5625054013962,5625054268423,0.254461,0.580921757770632
873,5625064293373,5625064714787,0.421414,0.580921757770632
874,5625073620284,5625073888246,0.267962,0.580921757770632
875,5625084222051,5625084520085,0.298034,0.580921757770632
876,5625093803134,5625094090634,0.2875,0.580921757770632
877,5625104216804,5625104953797,0.736993,0.580921757770632
878,5625113838418,5625114114308,0.27589,0.580921757770632
879,5625124249723,5625124764796,0.515073,0.580921757770632
880,5625133635739,5625133925241,0.289502,0.580921757770632
881,5625144174797,5625144747896,0.573099,0.580921757770632
882,5625153642992,5625154037390,0.394398,0.580921757770632
883,5625164055302,5625164806654,0.751352,0.580921757770632
884,5625173635339,5625173889456,0.254117,0.580921757770632
885,5625183962620,5625184394288,0.431668,0.580921757770632
886,5625194544418,5625195084052,0.539634,0.580921757770632
887,5625204073749,5625204515173,0.441424,0.580921757770632
888,5625213347973,5625213643201,0.295228,0.580921757770632
889,5625223814688,5625224743945,0.929257,0.580921757770632
890,5625233539231,5625233808870,0.269639,0.580921757770632
891,5625244116153,5625244696945,0.580792,0.580921757770632
892,5625253538196,5625253794208,0.256012,0.580921757770632
893,5625263944562,5625264368040,0.423478,0.580921757770632
894,5625274317961,5625274591759,0.273798,0.580921757770632
895,5625283498362,5625284184883,0.686521,0.580921757770632
896,5625294355290,5625294940146,0.584856,0.580921757770632
897,5625303918340,5625304398922,0.480582,0.580921757770632
898,5625314424142,5625314704535,0.280393,0.580921757770632
899,5625323844177,5625324291677,0.4475,0.580921757770632
900,5625333375139,5625333631298,0.256159,0.580921757770632
901,5625344052832,5625344498683,0.445851,0.580921757770632
902,5625353435050,5625353776108,0.341058,0.580921757770632
903,5625363883792,5625364193921,0.310129,0.580921757770632
904,5625374314526,5625374645828,0.331302,0.580921757770632
905,5625383688103,5625383992999,0.304896,0.580921757770632
906,5625394197519,5625394499622,0.302103,0.580921757770632
907,5625403516660,5625404233328,0.716668,0.580921757770632
908,5625414408307,5625414676470,0.268163,0.580921757770632
909,5625423700056,5625424158573,0.458517,0.580921757770632
910,5625434300338,5625434629166,0.328828,0.580921757770632
911,5625443773552,5625444046332,0.27278,0.580921757770632
912,5625454051662,5625454395079,0.343417,0.580921757770632
913,5625463395284,5625463702845,0.307561,0.580921757770632
914,5625473797440,5625474199211,0.401771,0.580921757770632
915,5625484433452,5625484723516,0.290064,0.580921757770632
916,5625493746135,5625494085148,0.339013,0.580921757770632
917,5625504095577,5625504591273,0.495696,0.580921757770632
918,5625513420873,5625513672674,0.251801,0.580921757770632
919,5625523733840,5625524455271,0.721431,0.580921757770632
920,5625534366719,5625534660644,0.293925,0.580921757770632
921,5625543725015,5625544265066,0.540051,0.580921757770632
922,5625554195450,5625554542019,0.346569,0.580921757770632
923,5625563387857,5625563644997,0.25714,0.580921757770632
924,5625573554316,5625573874715,0.320399,0.580921757770632
925,5625583959364,5625584745210,0.785846,0.580921757770632
926,5625593741448,5625594003712,0.262264,0.580921757770632
927,5625604106759,5625604687945,0.581186,0.580921757770632
928,5625613657692,5625613908911,0.251219,0.580921757770632
929,5625624131039,5625624898854,0.767815,0.580921757770632
930,5625633802185,5625634110931,0.308746,0.580921757770632
931,5625644489943,5625645153234,0.663291,0.580921757770632
932,5625654948812,5625655919958,0.971146,0.580921757770632
933,5625663813350,5625664346483,0.533133,0.580921757770632
934,5625673484634,5625673967202,0.482568,0.580921757770632
935,5625684107874,5625684601402,0.493528,0.580921757770632
936,5625693895830,5625694469072,0.573242,0.580921757770632
937,5625703586509,5625704568559,0.98205,0.580921757770632
938,5625713449471,5625713723297,0.273826,0.580921757770632
939,5625723899666,5625724377328,0.477662,0.580921757770632
940,5625733351034,5625733632135,0.281101,0.580921757770632
941,5625743979955,5625744583861,0.603906,0.580921757770632
942,5625753479751,5625753778253,0.298502,0.580921757770632
943,5625763873967,5625764613736,0.739769,0.580921757770632
944,5625773451958,5625773792750,0.340792,0.580921757770632
945,5625783799586,5625784131811,0.332225,0.580921757770632
946,5625794343878,5625794605412,0.261534,0.580921757770632
947,5625803977020,5625804536089,0.559069,0.580921757770632
948,5625813424736,5625813821488,0.396752,0.580921757770632
949,5625823871940,5625824705536,0.833596,0.580921757770632
950,5625833611217,5625833870556,0.259339,0.580921757770632
951,5625844134570,5625844687795,0.553225,0.580921757770632
952,5625853588567,5625853891618,0.303051,0.580921757770632
953,5625863983983,5625864626353,0.64237,0.580921757770632
954,5625873568900,5625874037138,0.468238,0.580921757770632
955,5625884121514,5625885076785,0.955271,0.580921757770632
956,5625894299912,5625894673258,0.373346,0.580921757770632
957,5625903471853,5625904202926,0.731073,0.580921757770632
958,5625914160678,5625914543706,0.383028,0.580921757770632
959,5625923546859,5625924123053,0.576194,0.580921757770632
960,5625934293380,5625934660859,0.367479,0.580921757770632
961,5625943716817,5625944318812,0.601995,0.580921757770632
962,5625954372805,5625955707588,1.334783,0.580921757770632
963,5625963517346,5625964013936,0.49659,0.580921757770632
964,5625973944577,5625974234069,0.289492,0.580921757770632
965,5625984318392,5625984614560,0.296168,0.580921757770632
966,5625993702285,5625994021216,0.318931,0.580921757770632
967,5626004084231,5626004899225,0.814994,0.580921757770632
968,5626013909965,5626014188401,0.278436,0.580921757770632
969,5626024235601,5626024690738,0.455137,0.580921757770632
970,5626033661275,5626033942007,0.280732,0.580921757770632
971,5626044271151,5626044802798,0.531647,0.580921757770632
972,5626053917387,5626054209106,0.291719,0.580921757770632
973,5626064204624,5626064896931,0.692307,0.580921757770632
974,5626073898786,5626074163666,0.26488,0.580921757770632
975,5626083456243,5626083741740,0.285497,0.580921757770632
976,5626094071736,5626094698805,0.627069,0.580921757770632
977,5626103752293,5626104260675,0.508382,0.580921757770632
978,5626113384865,5626113663411,0.278546,0.580921757770632
979,5626123701034,5626124432985,0.731951,0.580921757770632
980,5626134345662,5626134613317,0.267655,0.580921757770632
981,5626143826934,5626144279506,0.452572,0.580921757770632
982,5626154383532,5626154737026,0.353494,0.580921757770632
983,5626163649082,5626163988239,0.339157,0.580921757770632
984,5626173953156,5626174286296,0.33314,0.580921757770632
985,5626184341613,5626184810322,0.468709,0.580921757770632
986,5626193848895,5626194419550,0.570655,0.580921757770632
987,5626204458834,5626204993182,0.534348,0.580921757770632
988,5626213859779,5626214153050,0.293271,0.580921757770632
989,5626224195700,5626224643743,0.448043,0.580921757770632
990,5626233543832,5626233813261,0.269429,0.580921757770632
991,5626244007824,5626244534293,0.526469,0.580921757770632
992,5626253350647,5626253605949,0.255302,0.580921757770632
993,5626263660263,5626264091746,0.431483,0.580921757770632
994,5626274053371,5626274338289,0.284918,0.580921757770632
995,5626284327167,5626284750314,0.423147,0.580921757770632
996,5626293831629,5626294366191,0.534562,0.580921757770632
997,5626303481908,5626304166295,0.684387,0.580921757770632
998,5626314152036,5626314415499,0.263463,0.580921757770632
999,5626323426830,5626323862063,0.435233,0.580921757770632
1000,5626334122895,5626334387586,0.264691,0.580921757770632
1001,5626344595263,5626345119136,0.523873,0.580921757770632
1002,5626354037988,5626354294280,0.256292,0.580921757770632
1003,5626364368410,5626364988598,0.620188,0.580921757770632
1004,5626373936636,5626374239752,0.303116,0.580921757770632
1005,5626384400154,5626384800113,0.399959,0.580921757770632
1006,5626393989216,5626394504497,0.515281,0.580921757770632
1007,5626403568910,5626404016240,0.44733,0.580921757770632
1008,5626414050964,5626414314878,0.263914,0.580921757770632
1009,5626424518917,5626425183410,0.664493,0.580921757770632
1010,5626434047821,5626434313227,0.265406,0.580921757770632
1011,5626444582707,5626445086530,0.503823,0.580921757770632
1012,5626454031351,5626454291943,0.260592,0.580921757770632
1013,5626464389403,5626464810291,0.420888,0.580921757770632
1014,5626473741352,5626474025827,0.284475,0.580921757770632
1015,5626484142006,5626484810682,0.668676,0.580921757770632
1016,5626493990631,5626494524210,0.533579,0.580921757770632
1017,5626503524389,5626503963063,0.438674,0.580921757770632
1018,5626513929469,5626514199534,0.270065,0.580921757770632
1019,5626524260357,5626524694415,0.434058,0.580921757770632
1020,5626533525563,5626533793224,0.267661,0.580921757770632
1021,5626544081046,5626544457285,0.376239,0.580921757770632
1022,5626554413569,5626554794878,0.381309,0.580921757770632
1023,5626563787138,5626564077648,0.29051,0.580921757770632
1024,5626574008194,5626574372062,0.363868,0.580921757770632
1025,5626584288757,5626584577881,0.289124,0.580921757770632
1026,5626593614037,5626593899073,0.285036,0.580921757770632
1027,5626603907324,5626604618110,0.710786,0.580921757770632
1028,5626613448021,5626613713100,0.265079,0.580921757770632
1029,5626623769972,5626624265446,0.495474,0.580921757770632
1030,5626634268488,5626634533027,0.264539,0.580921757770632
1031,5626643603266,5626643885703,0.282437,0.580921757770632
1032,5626653823337,5626654149127,0.32579,0.580921757770632
1033,5626664091098,5626664385008,0.29391,0.580921757770632
1034,5626674303571,5626674624470,0.320899,0.580921757770632
1035,5626683492155,5626683824911,0.332756,0.580921757770632
1036,5626693942311,5626694307628,0.365317,0.580921757770632
1037,5626704313504,5626704793639,0.480135,0.580921757770632
1038,5626713653188,5626713912400,0.259212,0.580921757770632
1039,5626723943982,5626724635056,0.691074,0.580921757770632
1040,5626733619487,5626733884754,0.265267,0.580921757770632
1041,5626744152596,5626744519178,0.366582,0.580921757770632
1042,5626753402172,5626753840300,0.438128,0.580921757770632
1043,5626763798658,5626764095441,0.296783,0.580921757770632
1044,5626773617255,5626773994818,0.377563,0.580921757770632
1045,5626784087449,5626784409547,0.322098,0.580921757770632
1046,5626793615611,5626794248938,0.633327,0.580921757770632
1047,5626804202788,5626804667936,0.465148,0.580921757770632
1048,5626813527215,5626813798445,0.27123,0.580921757770632
1049,5626824155936,5626824625932,0.469996,0.580921757770632
1050,5626833576857,5626833843386,0.266529,0.580921757770632
1051,5626844290113,5626844818789,0.528676,0.580921757770632
1052,5626853710426,5626853965247,0.254821,0.580921757770632
1053,5626864144001,5626864548767,0.404766,0.580921757770632
1054,5626873678205,5626873945932,0.267727,0.580921757770632
1055,5626883903235,5626884326272,0.423037,0.580921757770632
1056,5626894582670,5626895105346,0.522676,0.580921757770632
1057,5626904054117,5626904711147,0.65703,0.580921757770632
1058,5626913698466,5626913961094,0.262628,0.580921757770632
1059,5626924035101,5626924477512,0.442411,0.580921757770632
1060,5626933476225,5626933752348,0.276123,0.580921757770632
1061,5626943977810,5626944494505,0.516695,0.580921757770632
1062,5626953360592,5626953697735,0.337143,0.580921757770632
1063,5626963685488,5626963963484,0.277996,0.580921757770632
1064,5626973977393,5626974379573,0.40218,0.580921757770632
1065,5626983443646,5626983734680,0.291034,0.580921757770632
1066,5626993902040,5626994190819,0.288779,0.580921757770632
1067,5627004378814,5627004847183,0.468369,0.580921757770632
1068,5627013809004,5627014094275,0.285271,0.580921757770632
1069,5627024231024,5627024910891,0.679867,0.580921757770632
1070,5627033899608,5627034172899,0.273291,0.580921757770632
1071,5627044575931,5627045088530,0.512599,0.580921757770632
1072,5627053926092,5627054186589,0.260497,0.580921757770632
1073,5627063402185,5627063802411,0.400226,0.580921757770632
1074,5627073806026,5627074079609,0.273583,0.580921757770632
1075,5627084153066,5627084778883,0.625817,0.580921757770632
1076,5627093986629,5627094502200,0.515571,0.580921757770632
1077,5627103434347,5627103871461,0.437114,0.580921757770632
1078,5627114024134,5627114294087,0.269953,0.580921757770632
1079,5627124325300,5627124759053,0.433753,0.580921757770632
1080,5627133657831,5627133921060,0.263229,0.580921757770632
1081,5627144174378,5627144535507,0.361129,0.580921757770632
1082,5627153381638,5627153674702,0.293064,0.580921757770632
1083,5627163765783,5627164231642,0.465859,0.580921757770632
1084,5627174215617,5627174474157,0.25854,0.580921757770632
1085,5627183475315,5627183752122,0.276807,0.580921757770632
1086,5627193945446,5627194528447,0.583001,0.580921757770632
1087,5627203725499,5627204454782,0.729283,0.580921757770632
1088,5627214469218,5627214759239,0.290021,0.580921757770632
1089,5627223779186,5627224239879,0.460693,0.580921757770632
1090,5627234314266,5627234586820,0.272554,0.580921757770632
1091,5627243800451,5627244333588,0.533137,0.580921757770632
1092,5627254310031,5627254570410,0.260379,0.580921757770632
1093,5627263541663,5627264192352,0.650689,0.580921757770632
1094,5627274135605,5627274431654,0.296049,0.580921757770632
1095,5627283445487,5627283709957,0.26447,0.580921757770632
1096,5627293866502,5627294147780,0.281278,0.580921757770632
1097,5627304287134,5627304794125,0.506991,0.580921757770632
1098,5627313810066,5627314101838,0.291772,0.580921757770632
1099,5627324274329,5627324977921,0.703592,0.580921757770632
1100,5627333911270,5627334283062,0.371792,0.580921757770632
1101,5627344499325,5627344841462,0.342137,0.580921757770632
1102,5627353695677,5627353972524,0.276847,0.580921757770632
1103,5627364075279,5627364358157,0.282878,0.580921757770632
1104,5627374439455,5627374722850,0.283395,0.580921757770632
1105,5627383770739,5627384060316,0.289577,0.580921757770632
1106,5627394305068,5627394866819,0.561751,0.580921757770632
1107,5627403828679,5627404303975,0.475296,0.580921757770632
1108,5627414381650,5627414669118,0.287468,0.580921757770632
1109,5627423599870,5627424070436,0.470566,0.580921757770632
1110,5627434131790,5627434413889,0.282099,0.580921757770632
1111,5627443678539,5627444012791,0.334252,0.580921757770632
1112,5627454185468,5627454479020,0.293552,0.580921757770632
1113,5627463445764,5627463933427,0.487663,0.580921757770632
1114,5627473935899,5627474250852,0.314953,0.580921757770632
1115,5627483401363,5627483692570,0.291207,0.580921757770632
1116,5627493958597,5627494305366,0.346769,0.580921757770632
1117,5627504448832,5627505330092,0.88126,0.580921757770632
1118,5627514164988,5627514576025,0.411037,0.580921757770632
1119,5627523631847,5627524129157,0.49731,0.580921757770632
1120,5627533998482,5627534390769,0.392287,0.580921757770632
1121,5627543669718,5627544280216,0.610498,0.580921757770632
1122,5627554421661,5627554688355,0.266694,0.580921757770632
1123,5627563739846,5627564418463,0.678617,0.580921757770632
1124,5627574399486,5627574671291,0.271805,0.580921757770632
1125,5627583659165,5627584135228,0.476063,0.580921757770632
1126,5627594422473,5627594980612,0.558139,0.580921757770632
1127,5627604086811,5627604623243,0.536432,0.580921757770632
1128,5627613628749,5627613919517,0.290768,0.580921757770632
1129,5627624146705,5627624862815,0.71611,0.580921757770632
1130,5627633742517,5627634069733,0.327216,0.580921757770632
1131,5627644304951,5627644607036,0.302085,0.580921757770632
1132,5627653446157,5627653770248,0.324091,0.580921757770632
1133,5627663834628,5627664116240,0.281612,0.580921757770632
1134,5627674044858,5627674386198,0.34134,0.580921757770632
1135,5627684387388,5627684660463,0.273075,0.580921757770632
1136,5627693695257,5627693982719,0.287462,0.580921757770632
1137,5627704042687,5627704597092,0.554405,0.580921757770632
1138,5627713543727,5627713817655,0.273928,0.580921757770632
1139,5627723888632,5627724370753,0.482121,0.580921757770632
1140,5627734314149,5627734649595,0.335446,0.580921757770632
1141,5627743717601,5627744188347,0.470746,0.580921757770632
1142,5627754236485,5627754676882,0.440397,0.580921757770632
1143,5627763661473,5627763911477,0.250004,0.580921757770632
1144,5627773849624,5627774127349,0.277725,0.580921757770632
1145,5627784119066,5627784560110,0.441044,0.580921757770632
1146,5627793560342,5627794109671,0.549329,0.580921757770632
1147,5627804480798,5627805227246,0.746448,0.580921757770632
1148,5627814198796,5627814477579,0.278783,0.580921757770632
1149,5627823506918,5627823960132,0.453214,0.580921757770632
1150,5627833950037,5627834287663,0.337626,0.580921757770632
1151,5627844591302,5627844897349,0.306047,0.580921757770632
1152,5627853740605,5627854057809,0.317204,0.580921757770632
1153,5627864172128,5627864485151,0.313023,0.580921757770632
1154,5627873498742,5627873826131,0.327389,0.580921757770632
1155,5627883862604,5627884187661,0.325057,0.580921757770632
1156,5627894433064,5627894989379,0.556315,0.580921757770632
1157,5627904082387,5627904607249,0.524862,0.580921757770632
1158,5627913655193,5627913911585,0.256392,0.580921757770632
1159,5627924018794,5627924722966,0.704172,0.580921757770632
1160,5627933699643,5627933965569,0.265926,0.580921757770632
1161,5627944250885,5627944805976,0.555091,0.580921757770632
1162,5627953807867,5627954066979,0.259112,0.580921757770632
1163,5627964113511,5627964519086,0.405575,0.580921757770632
1164,5627973569556,5627973940650,0.371094,0.580921757770632
1165,5627983977375,5627984252243,0.274868,0.580921757770632
1166,5627994343773,5627994633403,0.28963,0.580921757770632
1167,5628003741294,5628004276749,0.535455,0.580921757770632
1168,5628014217554,5628014473786,0.256232,0.580921757770632
1169,5628023531383,5628024070700,0.539317,0.580921757770632
1170,5628034022811,5628034310129,0.287318,0.580921757770632
1171,5628044549860,5628045135507,0.585647,0.580921757770632
1172,5628054010704,5628054352436,0.341732,0.580921757770632
1173,5628064573812,5628065397087,0.823275,0.580921757770632
1174,5628074274481,5628074674673,0.400192,0.580921757770632
1175,5628083684091,5628084216162,0.532071,0.580921757770632
1176,5628094624569,5628095190869,0.5663,0.580921757770632
1177,5628104142521,5628104970556,0.828035,0.580921757770632
1178,5628113961762,5628114253062,0.2913,0.580921757770632
1179,5628124449469,5628124928958,0.479489,0.580921757770632
1180,5628133903655,5628134188662,0.285007,0.580921757770632
1181,5628144485607,5628144867153,0.381546,0.580921757770632
1182,5628153828378,5628154267473,0.439095,0.580921757770632
1183,5628164384907,5628164678488,0.293581,0.580921757770632
1184,5628173636427,5628173983687,0.34726,0.580921757770632
1185,5628184013425,5628184311913,0.298488,0.580921757770632
1186,5628194577755,5628194850040,0.272285,0.580921757770632
1187,5628203840124,5628204436241,0.596117,0.580921757770632
1188,5628214352498,5628214653782,0.301284,0.580921757770632
1189,5628223752343,5628224760474,1.008131,0.580921757770632
1190,5628233688242,5628233954442,0.2662,0.580921757770632
1191,5628244227581,5628244770063,0.542482,0.580921757770632
1192,5628253611900,5628253871411,0.259511,0.580921757770632
1193,5628263862231,5628264281689,0.419458,0.580921757770632
1194,5628274253301,5628274521967,0.268666,0.580921757770632
1195,5628283416862,5628284072750,0.655888,0.580921757770632
1196,5628294258257,5628294817184,0.558927,0.580921757770632
1197,5628303839265,5628304364736,0.525471,0.580921757770632
1198,5628314348685,5628314614580,0.265895,0.580921757770632
1199,5628323721551,5628324198379,0.476828,0.580921757770632
1200,5628334299399,5628334583776,0.284377,0.580921757770632
