commit	author_time	subject
e19aafde0fad0bbc0dc1a8a7f8ed415300de972d	2026-09-24T13:53:54+08:00	Archive retired validation versions and preserve unaccepted full executor checkpoint
497c4e90bf91c3cfe8a242e7959802721be4c5d2	2026-09-24T13:43:05+08:00	Bind read-only perception probe to fresh hold ACK and stationary evidence
1b37ab4f8a5ca291213d409750f46de48db0aac6	2026-09-24T13:34:47+08:00	Record mainline gates and archive retired comparison builds
0fe54e2dbd57464693e064eda1d1b00f13578caf	2026-09-24T13:17:25+08:00	Archive verified first-stage hold ACK cancel and release in isolated world91
ccd2b2d8306e37e238a0ae6bd84acfaf6382af6a	2026-09-24T13:07:38+08:00	Record real first-stage tracking and camera evidence with failed ACK cleanup
4180589a5b3382f658d33533c3044f037f63ba92	2026-09-24T12:49:53+08:00	Record camera and guard provenance alongside actual demo frames
f31f4be2f42cf756e6662a248b9a64f18f9e47ca	2026-09-24T12:46:43+08:00	Scale planned manipulation timing once and preserve it during revalidation
65dca04a444fe4b5c491245fb3940c63fb1a1f76	2026-09-24T12:41:40+08:00	Preserve exact controller goal capture and failure-barrier evidence
4eac36567af779bc7b72284432e7f73d9682e106	2026-09-24T12:35:46+08:00	Add bounded C++ source and dual-model validation probe
cab36712a075e2fee95c09247256edecb1be6703	2026-09-24T12:34:28+08:00	Refresh cleanup clocks after an in-tick guard stop
d39237f7ede5864f331eddd16657dd62db5059fe	2026-09-24T12:33:02+08:00	Record real first-stage failure and recoverable full-action checkpoint
b2d8faafe97721f1d8da49752faab2d46374336f	2026-09-24T12:10:34+08:00	Preserve canonical scene green XML outside build ignore paths
41a9e48742f61f3f758a95121f7b6b524f751dc3	2026-09-24T12:10:10+08:00	Bind manipulation scenes to their consumed coordinate frames
2945d3a0c70411963b9d0cad7905cec620ee9947	2026-09-24T12:06:19+08:00	Accept authoritative initial zero clock epoch for RGB-D requests
3678a7b5333b1b585f5f1394ed241f6ab94011f6	2026-09-24T12:00:46+08:00	Record READY camera point feasibility and whole-body corridor checks
7eee2c9607ea17466db174718fc860381efd6d50	2026-09-24T11:50:36+08:00	Add explicit READY initialization for navigation simulation
90c12aea22019eef6e8a3f3764f485543491a906	2026-09-24T11:45:59+08:00	Add bounded C++ perception request and pick planning clients
d0375d32c57f30cfbe88883502628ad3b5fd394e	2026-09-24T11:37:47+08:00	docs(mainline): record integration gates and deferred zero-start preparation
edddba0e9d74297f6bd4cbcc40bdb644f276949e	2026-09-24T11:33:40+08:00	docs(validation): preserve synchronized scene snapshot and view rejection
15d559ce2c5973fe65099d8b3495842f40a0fd26	2026-09-24T11:29:14+08:00	feat(transport): add versioned C++ payload application client
429f28a465e72eaf4a79c0ee8caede616719c03e	2026-09-24T11:22:41+08:00	fix(manipulation): keep planning gripper models off controller endpoints
267ac61704dbaaedbd201ee4749b5d6a74b766ea	2026-09-24T11:06:41+08:00	fix(navigation): measure corridor entry offset from asymmetric target
b041e530f98830efeb29e9b602de175839c034f6	2026-09-24T11:05:49+08:00	fix(transport): admit cold-start arm tasks after owned navigation revoke
f7e5934c9c2044a44cb28c36ebd7d88986d94ced	2026-09-24T10:55:35+08:00	test(vision): bind box ROI snapshots to exact simulator capture time
0b356d39c7be51070be0751a1259daa1d6d3f863	2026-09-24T10:53:48+08:00	fix(mtc): revalidate remaining paths with confirmed payload geometry
a6255d2aedfa06f439e7855b6f3ce75ca96f9da5	2026-09-24T10:31:03+08:00	test(vision): quantify box ROI depth support with independent pose truth
628a91f6b2759b22bc98ca2ef7e988ec68775a6d	2026-09-24T10:30:49+08:00	docs: retain stationary payload admission and version transition evidence
7fafe827ea5223979866b8d07efb6069c7f14b90	2026-09-24T10:30:13+08:00	feat(transport): add owned MTC first-stage execution and confirmed hold
69185fd9b9ece463280e9972c8a7f5895407dfff	2026-09-24T10:18:25+08:00	docs: coordinate mainline implementation and clarify runnable transport entry
267a964e197dbe2af54f44caf30693e0dca1c87a	2026-09-24T10:16:01+08:00	test(vision): add bounded passive multi-camera evidence observer
70c9c01191c5a4208f89211197c175537fd1fc57	2026-09-24T10:10:26+08:00	build(mtc): export canonical scene signature for native executor
7f1b362f819d6a743a00d119f5685d0a3f05fa02	2026-09-24T10:07:26+08:00	fix(transport): preserve hold cleanup after cancellation failure
6df6cc4d7b4fd4bad1f5bc4b1b4096211a6bfce6	2026-09-23T19:18:26+08:00	docs(transport): record complete warehouse pick carry place demonstration
3373911c6f39f6fdd0fef6bd96a4b92931027153	2026-09-23T19:00:07+08:00	docs: record verified normal return90 recovery and retained scope limits
c022d1ae692cb0cf5f200b1899a768d88fba6eaa	2026-09-23T18:47:51+08:00	fix(transport): complete normal warehouse pick carry place with scene revalidation
a0ec613fd8ef1c1b480744f19f50c424067d3fab	2026-09-23T17:51:47+08:00	docs: record scan timing repairs and deferred return acceptance
2aed29ec3d0e7375100eece0ba39804f0a95bc0f	2026-09-23T17:46:07+08:00	test(nav): audit source deadlines and record bounded scan recovery
62e00dac10905bdb3528ffdaa44e246d3d1c9b44	2026-09-23T17:11:05+08:00	Add FoundationPose P0 preparation and assembly profile validation
b59545dc400f1e5035597a340479dcfe37870a50	2026-09-23T16:59:17+08:00	fix(test): bind hold renewal to owned action feedback
3b0b2a710a7bec21fe14b6402c0829b488bf9e39	2026-09-23T16:52:08+08:00	test(nav): isolate return90 integration probe
2b723249f79a86578d01b42175b7ee0d90a1f0ff	2026-09-23T16:28:04+08:00	docs: synchronize one-hour issue triage across project tasks
9df93fbd3e7e807849c129e7186e95e126238a22	2026-09-23T15:37:04+08:00	docs(validation): record qualified A4 results and remaining gates
b087aeb2ae79156590d959dcdf0767af75986eb5	2026-09-23T15:31:56+08:00	test(navigation): verify owned fixed-envelope navigation recovery
252373c4e5767e415e8c5bfcdb6510ad6fb7e2f4	2026-09-23T15:30:37+08:00	docs(navigation): qualify N4 timing evidence and native repair plan
579b69c1208a08db79792cd845bec0e7c5ec212a	2026-09-23T15:14:49+08:00	fix(validation): enforce metric identity and accepted quality tolerance
8117450848dfcd3a92b90d4fa9c6227f91fc3471	2026-09-23T15:12:49+08:00	fix(validation): bind fixture preparation to fresh owned evidence
f92c55525e2e14e9c4a32de69a7063dc2a8a3a3a	2026-09-23T15:01:54+08:00	fix(navigation): bind fixed envelope mass to confirmed payload ledger
981f8c47b61392bbeda4ab7a81633929a72bd9d0	2026-09-23T14:36:15+08:00	fix(transport): unify camera launch and prepare owned empty inventory
e23ffccacdf43b7b620bc6760dc0f7bc80893804	2026-09-23T14:18:16+08:00	fix(validation): restore social GUI plugin discovery in owned captures
c0d24b1b1497a10512cce121bce6b9a5ca22bda3	2026-09-23T14:13:02+08:00	fix(navigation): bound envelope acknowledgements and reject stale recovery
09bc10d746c65a0358076135ac594bb5aae7957f	2026-09-23T13:36:08+08:00	feat(transport): execute task-owned holds with durable recovery
a50ce8eb0373796f49c304808048c2831f6f5342	2026-09-23T12:59:21+08:00	fix(validation): await stop-probe TF and bound pulse corridor
e61235155f3cf24d8bf8921b16a39f8268dc01af	2026-09-23T12:38:33+08:00	feat(payload): reconcile versioned Gazebo attachment inventory
a1ccf87daa7aa27090f4b1b8288a7ba4db5aed68	2026-09-23T12:34:27+08:00	修复验证工具的只读请求重试与所属进程回收
1c34d973c8381c19341e354c8b4e0cac3dbaa2b3	2026-09-23T12:32:17+08:00	fix(description): preserve camera geometry across capture modes
a7026bcd57c3a992f6b25d8dd38397a0d1f30168	2026-09-20T11:01:20+08:00	同步工作树：自主探索退役重构、建图/搬运/社交导航/算子站新包与文档
