clearance_mm,part_id,slot_id,classification,best_clearance_mm,yaw_deg,assigned_match,business_success
3.0,circle_01,circle_01,POSITIVE_CLEARANCE_WITNESS,2.999999999999999,0.0,True,False
3.0,rectangle_01,circle_01,NO_FIT_IN_SAMPLED_CENTERED_POSES,-4.8069758011278845,0.0,False,False
3.0,triangle_01,circle_01,NO_FIT_IN_SAMPLED_CENTERED_POSES,-3.0000000000000027,0.0,False,False
3.0,hexagon_01,circle_01,POSITIVE_CLEARANCE_WITNESS,0.21539030917347435,0.0,False,False
3.0,d_shape_01,circle_01,POSITIVE_CLEARANCE_WITNESS,0.9999999999999974,0.0,False,False
3.0,keyed_01,circle_01,NO_FIT_IN_SAMPLED_CENTERED_POSES,-4.0000000000000036,0.0,False,False
3.0,circle_01,rectangle_01,TANGENCY_ONLY_WITNESS,0.0,0.0,False,False
3.0,rectangle_01,rectangle_01,POSITIVE_CLEARANCE_WITNESS,2.999999999999999,0.0,True,False
3.0,triangle_01,rectangle_01,NO_FIT_IN_SAMPLED_CENTERED_POSES,-2.7846096908265316,29.999999999999996,False,False
3.0,hexagon_01,rectangle_01,TANGENCY_ONLY_WITNESS,0.0,0.0,False,False
3.0,d_shape_01,rectangle_01,NO_FIT_IN_SAMPLED_CENTERED_POSES,-2.0000000000000018,0.0,False,False
3.0,keyed_01,rectangle_01,POSITIVE_CLEARANCE_WITNESS,2.999999999999999,0.0,False,False
3.0,circle_01,triangle_01,NO_FIT_IN_SAMPLED_CENTERED_POSES,-3.0000000000000027,0.0,False,False
3.0,rectangle_01,triangle_01,NO_FIT_IN_SAMPLED_CENTERED_POSES,-8.490381056766584,29.999999999999996,False,False
3.0,triangle_01,triangle_01,POSITIVE_CLEARANCE_WITNESS,2.9999999999999956,0.0,True,False
3.0,hexagon_01,triangle_01,NO_FIT_IN_SAMPLED_CENTERED_POSES,-3.0000000000000027,0.0,False,False
3.0,d_shape_01,triangle_01,NO_FIT_IN_SAMPLED_CENTERED_POSES,-5.000000000000001,0.0,False,False
3.0,keyed_01,triangle_01,NO_FIT_IN_SAMPLED_CENTERED_POSES,-6.678963183903653,97.0,False,False
3.0,circle_01,hexagon_01,POSITIVE_CLEARANCE_WITNESS,2.9999999999999956,0.0,False,False
3.0,rectangle_01,hexagon_01,NO_FIT_IN_SAMPLED_CENTERED_POSES,-2.4903810567665876,29.999999999999996,False,False
3.0,triangle_01,hexagon_01,POSITIVE_CLEARANCE_WITNESS,0.21539030917346047,29.999999999999996,False,False
3.0,hexagon_01,hexagon_01,POSITIVE_CLEARANCE_WITNESS,2.9999999999999925,0.0,True,False
3.0,d_shape_01,hexagon_01,POSITIVE_CLEARANCE_WITNESS,0.999999999999994,0.0,False,False
3.0,keyed_01,hexagon_01,NO_FIT_IN_SAMPLED_CENTERED_POSES,-1.9903810567665874,29.999999999999996,False,False
3.0,circle_01,d_shape_01,NO_FIT_IN_SAMPLED_CENTERED_POSES,-4.999999999999997,0.0,False,False
3.0,rectangle_01,d_shape_01,NO_FIT_IN_SAMPLED_CENTERED_POSES,-2.8069758011278827,87.99999999999999,False,False
3.0,triangle_01,d_shape_01,NO_FIT_IN_SAMPLED_CENTERED_POSES,-1.0000000000000009,84.5,False,False
3.0,hexagon_01,d_shape_01,NO_FIT_IN_SAMPLED_CENTERED_POSES,-4.999999999999997,29.999999999999996,False,False
3.0,d_shape_01,d_shape_01,POSITIVE_CLEARANCE_WITNESS,2.999999999999999,0.0,True,False
3.0,keyed_01,d_shape_01,NO_FIT_IN_SAMPLED_CENTERED_POSES,-2.0000000000000018,90.0,False,False
3.0,circle_01,keyed_01,TANGENCY_ONLY_WITNESS,0.0,0.0,False,False
3.0,rectangle_01,keyed_01,NO_FIT_IN_SAMPLED_CENTERED_POSES,-1.6347957017329717,166.00000000000003,False,False
3.0,triangle_01,keyed_01,NO_FIT_IN_SAMPLED_CENTERED_POSES,-2.7846096908265316,29.999999999999996,False,False
3.0,hexagon_01,keyed_01,TANGENCY_ONLY_WITNESS,0.0,0.0,False,False
3.0,d_shape_01,keyed_01,NO_FIT_IN_SAMPLED_CENTERED_POSES,-2.0000000000000018,0.0,False,False
3.0,keyed_01,keyed_01,POSITIVE_CLEARANCE_WITNESS,2.999999999999999,0.0,True,False
1.0,circle_01,circle_01,POSITIVE_CLEARANCE_WITNESS,1.0000000000000009,0.0,True,False
1.0,rectangle_01,circle_01,NO_FIT_IN_SAMPLED_CENTERED_POSES,-6.806975801127883,0.0,False,False
1.0,triangle_01,circle_01,NO_FIT_IN_SAMPLED_CENTERED_POSES,-5.000000000000001,0.0,False,False
1.0,hexagon_01,circle_01,NO_FIT_IN_SAMPLED_CENTERED_POSES,-1.7846096908265239,0.0,False,False
1.0,d_shape_01,circle_01,NO_FIT_IN_SAMPLED_CENTERED_POSES,-1.0000000000000009,0.0,False,False
1.0,keyed_01,circle_01,NO_FIT_IN_SAMPLED_CENTERED_POSES,-6.000000000000002,0.0,False,False
1.0,circle_01,rectangle_01,NO_FIT_IN_SAMPLED_CENTERED_POSES,-1.9999999999999982,0.0,False,False
1.0,rectangle_01,rectangle_01,POSITIVE_CLEARANCE_WITNESS,1.0000000000000009,0.0,True,False
1.0,triangle_01,rectangle_01,NO_FIT_IN_SAMPLED_CENTERED_POSES,-4.78460969082653,29.999999999999996,False,False
1.0,hexagon_01,rectangle_01,NO_FIT_IN_SAMPLED_CENTERED_POSES,-1.9999999999999982,0.0,False,False
1.0,d_shape_01,rectangle_01,NO_FIT_IN_SAMPLED_CENTERED_POSES,-4.0,0.0,False,False
1.0,keyed_01,rectangle_01,POSITIVE_CLEARANCE_WITNESS,1.0000000000000009,0.0,False,False
1.0,circle_01,triangle_01,NO_FIT_IN_SAMPLED_CENTERED_POSES,-5.000000000000001,0.0,False,False
1.0,rectangle_01,triangle_01,NO_FIT_IN_SAMPLED_CENTERED_POSES,-10.49038105676658,29.999999999999996,False,False
1.0,triangle_01,triangle_01,POSITIVE_CLEARANCE_WITNESS,1.0000000000000009,0.0,True,False
1.0,hexagon_01,triangle_01,NO_FIT_IN_SAMPLED_CENTERED_POSES,-5.000000000000001,0.0,False,False
1.0,d_shape_01,triangle_01,NO_FIT_IN_SAMPLED_CENTERED_POSES,-6.999999999999997,0.0,False,False
1.0,keyed_01,triangle_01,NO_FIT_IN_SAMPLED_CENTERED_POSES,-8.678963183903656,97.0,False,False
1.0,circle_01,hexagon_01,POSITIVE_CLEARANCE_WITNESS,0.9999999999999974,0.0,False,False
1.0,rectangle_01,hexagon_01,NO_FIT_IN_SAMPLED_CENTERED_POSES,-4.490381056766586,29.999999999999996,False,False
1.0,triangle_01,hexagon_01,NO_FIT_IN_SAMPLED_CENTERED_POSES,-1.7846096908265379,29.999999999999996,False,False
1.0,hexagon_01,hexagon_01,POSITIVE_CLEARANCE_WITNESS,1.0000000000000009,0.0,True,False
1.0,d_shape_01,hexagon_01,NO_FIT_IN_SAMPLED_CENTERED_POSES,-1.0000000000000044,0.0,False,False
1.0,keyed_01,hexagon_01,NO_FIT_IN_SAMPLED_CENTERED_POSES,-3.990381056766586,29.999999999999996,False,False
1.0,circle_01,d_shape_01,NO_FIT_IN_SAMPLED_CENTERED_POSES,-6.999999999999999,0.0,False,False
1.0,rectangle_01,d_shape_01,NO_FIT_IN_SAMPLED_CENTERED_POSES,-4.806975801127881,87.99999999999999,False,False
1.0,triangle_01,d_shape_01,NO_FIT_IN_SAMPLED_CENTERED_POSES,-2.999999999999999,84.5,False,False
1.0,hexagon_01,d_shape_01,NO_FIT_IN_SAMPLED_CENTERED_POSES,-6.999999999999999,29.999999999999996,False,False
1.0,d_shape_01,d_shape_01,POSITIVE_CLEARANCE_WITNESS,0.9999999999999991,0.0,True,False
1.0,keyed_01,d_shape_01,NO_FIT_IN_SAMPLED_CENTERED_POSES,-4.000000000000002,90.0,False,False
1.0,circle_01,keyed_01,NO_FIT_IN_SAMPLED_CENTERED_POSES,-1.9999999999999982,0.0,False,False
1.0,rectangle_01,keyed_01,NO_FIT_IN_SAMPLED_CENTERED_POSES,-3.63479570173297,166.00000000000003,False,False
1.0,triangle_01,keyed_01,NO_FIT_IN_SAMPLED_CENTERED_POSES,-4.78460969082653,29.999999999999996,False,False
1.0,hexagon_01,keyed_01,NO_FIT_IN_SAMPLED_CENTERED_POSES,-1.9999999999999982,0.0,False,False
1.0,d_shape_01,keyed_01,NO_FIT_IN_SAMPLED_CENTERED_POSES,-4.0,0.0,False,False
1.0,keyed_01,keyed_01,POSITIVE_CLEARANCE_WITNESS,1.0000000000000009,0.0,True,False
0.5,circle_01,circle_01,POSITIVE_CLEARANCE_WITNESS,0.5000000000000004,0.0,True,False
0.5,rectangle_01,circle_01,NO_FIT_IN_SAMPLED_CENTERED_POSES,-7.306975801127883,0.0,False,False
0.5,triangle_01,circle_01,NO_FIT_IN_SAMPLED_CENTERED_POSES,-5.500000000000002,0.0,False,False
0.5,hexagon_01,circle_01,NO_FIT_IN_SAMPLED_CENTERED_POSES,-2.2846096908265245,0.0,False,False
0.5,d_shape_01,circle_01,NO_FIT_IN_SAMPLED_CENTERED_POSES,-1.5000000000000013,0.0,False,False
0.5,keyed_01,circle_01,NO_FIT_IN_SAMPLED_CENTERED_POSES,-6.500000000000003,0.0,False,False
0.5,circle_01,rectangle_01,NO_FIT_IN_SAMPLED_CENTERED_POSES,-2.4999999999999987,0.0,False,False
0.5,rectangle_01,rectangle_01,POSITIVE_CLEARANCE_WITNESS,0.5000000000000004,0.0,True,False
0.5,triangle_01,rectangle_01,NO_FIT_IN_SAMPLED_CENTERED_POSES,-5.284609690826531,29.999999999999996,False,False
0.5,hexagon_01,rectangle_01,NO_FIT_IN_SAMPLED_CENTERED_POSES,-2.4999999999999987,0.0,False,False
0.5,d_shape_01,rectangle_01,NO_FIT_IN_SAMPLED_CENTERED_POSES,-4.500000000000001,0.0,False,False
0.5,keyed_01,rectangle_01,POSITIVE_CLEARANCE_WITNESS,0.5000000000000004,0.0,False,False
0.5,circle_01,triangle_01,NO_FIT_IN_SAMPLED_CENTERED_POSES,-5.500000000000002,0.0,False,False
0.5,rectangle_01,triangle_01,NO_FIT_IN_SAMPLED_CENTERED_POSES,-10.99038105676658,29.999999999999996,False,False
0.5,triangle_01,triangle_01,POSITIVE_CLEARANCE_WITNESS,0.5000000000000004,0.0,True,False
0.5,hexagon_01,triangle_01,NO_FIT_IN_SAMPLED_CENTERED_POSES,-5.500000000000002,0.0,False,False
0.5,d_shape_01,triangle_01,NO_FIT_IN_SAMPLED_CENTERED_POSES,-7.499999999999998,0.0,False,False
0.5,keyed_01,triangle_01,NO_FIT_IN_SAMPLED_CENTERED_POSES,-9.178963183903656,97.0,False,False
0.5,circle_01,hexagon_01,POSITIVE_CLEARANCE_WITNESS,0.499999999999997,0.0,False,False
0.5,rectangle_01,hexagon_01,NO_FIT_IN_SAMPLED_CENTERED_POSES,-4.990381056766583,29.999999999999996,False,False
0.5,triangle_01,hexagon_01,NO_FIT_IN_SAMPLED_CENTERED_POSES,-2.2846096908265348,29.999999999999996,False,False
0.5,hexagon_01,hexagon_01,POSITIVE_CLEARANCE_WITNESS,0.499999999999997,0.0,True,False
0.5,d_shape_01,hexagon_01,NO_FIT_IN_SAMPLED_CENTERED_POSES,-1.5000000000000049,0.0,False,False
0.5,keyed_01,hexagon_01,NO_FIT_IN_SAMPLED_CENTERED_POSES,-4.490381056766583,29.999999999999996,False,False
0.5,circle_01,d_shape_01,NO_FIT_IN_SAMPLED_CENTERED_POSES,-7.499999999999998,0.0,False,False
0.5,rectangle_01,d_shape_01,NO_FIT_IN_SAMPLED_CENTERED_POSES,-5.306975801127881,87.99999999999999,False,False
0.5,triangle_01,d_shape_01,NO_FIT_IN_SAMPLED_CENTERED_POSES,-3.4999999999999996,84.5,False,False
0.5,hexagon_01,d_shape_01,NO_FIT_IN_SAMPLED_CENTERED_POSES,-7.499999999999998,29.999999999999996,False,False
0.5,d_shape_01,d_shape_01,POSITIVE_CLEARANCE_WITNESS,0.5000000000000004,0.0,True,False
0.5,keyed_01,d_shape_01,NO_FIT_IN_SAMPLED_CENTERED_POSES,-4.500000000000001,90.0,False,False
0.5,circle_01,keyed_01,NO_FIT_IN_SAMPLED_CENTERED_POSES,-2.4999999999999987,0.0,False,False
0.5,rectangle_01,keyed_01,NO_FIT_IN_SAMPLED_CENTERED_POSES,-4.134795701732971,166.00000000000003,False,False
0.5,triangle_01,keyed_01,NO_FIT_IN_SAMPLED_CENTERED_POSES,-5.284609690826531,29.999999999999996,False,False
0.5,hexagon_01,keyed_01,NO_FIT_IN_SAMPLED_CENTERED_POSES,-2.4999999999999987,0.0,False,False
0.5,d_shape_01,keyed_01,NO_FIT_IN_SAMPLED_CENTERED_POSES,-4.500000000000001,0.0,False,False
0.5,keyed_01,keyed_01,POSITIVE_CLEARANCE_WITNESS,0.5000000000000004,0.0,True,False
