index,latency_ms,rss_mib
0,73.27954,64.5625
1,63.667541,64.5625
2,74.743524,64.5703125
3,62.53963,64.5703125
4,72.971386,64.5703125
5,62.969823,64.57421875
6,67.765088,64.578125
7,66.688113,64.578125
8,62.272051,64.58203125
9,72.982044,64.58203125
10,63.139394,64.5859375
11,64.079384,64.58984375
12,63.397494,64.58984375
13,66.895712,64.58984375
14,63.373404,64.59375
15,83.848344,64.59375
16,63.448687,64.59765625
17,72.976289,64.59765625
18,62.616815,64.59765625
19,72.786054,64.59765625
20,63.203661,64.60546875
21,75.372394,64.60546875
22,65.223566,64.60546875
23,64.847696,64.60546875
24,74.12939,64.61328125
25,62.567356,64.61328125
26,72.833545,64.61328125
27,63.187995,64.61328125
28,73.770197,64.61328125
29,63.653206,64.61328125
30,62.856384,64.6171875
31,73.190822,64.6171875
32,83.602946,64.6171875
33,62.329781,64.6171875
34,63.237525,64.6171875
35,73.332755,64.62109375
36,65.335314,64.62109375
37,65.221831,64.62109375
38,67.740545,64.625
39,65.197622,64.625
